{
  "cv_10fold": {
    "judge": {
      "r2_mean": 0.3180092614286562,
      "r2_std": 0.031082085846071264,
      "rmse_mean": 2.6236821866440208,
      "rmse_std": 0.10053175742089242,
      "mae_mean": 2.113599468808761,
      "mae_std": 0.09549701154544113,
      "r2_folds": [
        0.3207886892355397,
        0.36022102907752385,
        0.3323026496584768,
        0.36408215455252835,
        0.31022460193992063,
        0.3039258188953279,
        0.3175408651720576,
        0.2831180784327887,
        0.3320861563471227,
        0.2558025709752759
      ]
    },
    "place": {
      "r2_mean": 0.37393006762835895,
      "r2_std": 0.052610303095092716,
      "rmse_mean": 2.5447980849719216,
      "rmse_std": 0.10233145512384205,
      "mae_mean": 2.0449282325360283,
      "mae_std": 0.08375576587195298,
      "r2_folds": [
        0.2910805379577541,
        0.37907940215552005,
        0.4498982181434471,
        0.357160742456737,
        0.3627954745568154,
        0.42114960182349703,
        0.33782144273464265,
        0.31223499085425177,
        0.4590628827547575,
        0.36901738284616725
      ]
    }
  },
  "residual_analysis": {
    "judge": {
      "mean": 1.4840287603199787e-16,
      "std": 2.6082545186070387,
      "skewness": 0.3099998957922624,
      "kurtosis": -0.09655077041903581,
      "jb_stat": 45.55689244576044,
      "jb_p": 1.2806973151565885e-10
    },
    "place": {
      "mean": -3.070404331696508e-16,
      "std": 2.5305141580301203,
      "skewness": 0.329518988539361,
      "kurtosis": -0.21839268546782575,
      "jb_stat": 55.77447371529854,
      "jb_p": 7.739749720865443e-13
    }
  },
  "heteroscedasticity": {
    "judge": {
      "bp_stat": 373.05444913626343,
      "bp_p": 0.0
    },
    "place": {
      "bp_stat": 395.0095848029035,
      "bp_p": 0.0
    }
  },
  "robustness_noise": {
    "noise_levels": [
      0.01,
      0.03,
      0.05,
      0.1,
      0.15,
      0.2
    ],
    "judge": [
      0.3312731280405702,
      0.33047440046475784,
      0.32947399660258225,
      0.326137808183793,
      0.3217167166223399,
      0.3163575831079628
    ],
    "place": [
      0.3849288097751806,
      0.38395674274011704,
      0.3827790403482876,
      0.37896723238413255,
      0.3739989275146546,
      0.36799945371952014
    ]
  },
  "feature_subset_stability": {
    "全部特征(17)": {
      "n_features": 17,
      "judge_r2": 0.29448282914690377,
      "place_r2": 0.3053232867849828
    },
    "舞者特征(4)": {
      "n_features": 4,
      "judge_r2": 0.08099026852357132,
      "place_r2": 0.12799150203255955
    },
    "明星特征(4)": {
      "n_features": 4,
      "judge_r2": 0.1603194292294038,
      "place_r2": 0.13287573812075495
    },
    "时间特征(2)": {
      "n_features": 2,
      "judge_r2": 0.1419033485745254,
      "place_r2": 0.15347999430833276
    },
    "交互特征(4)": {
      "n_features": 4,
      "judge_r2": -0.02193999025194828,
      "place_r2": -0.06203861207763657
    },
    "行业特征(3)": {
      "n_features": 3,
      "judge_r2": -0.01185433557102109,
      "place_r2": -0.040436302503390295
    },
    "核心特征(8)": {
      "n_features": 8,
      "judge_r2": 0.29973784025657835,
      "place_r2": 0.33293878931057497
    }
  },
  "train_ratio_stability": {
    "ratios": [
      0.5,
      0.6,
      0.7,
      0.8,
      0.9
    ],
    "judge": [
      0.30413131949306516,
      0.30415819874114225,
      0.2934851222186763,
      0.29958575516041763,
      0.25480226605864764
    ],
    "place": [
      0.3814047548981635,
      0.3730012050651066,
      0.3816831077486311,
      0.4202285809373699,
      0.36934475509929277
    ]
  },
  "bootstrap": {
    "n_iterations": 500,
    "r2_judge": {
      "mean": 0.33487252399089085,
      "std": 0.01490774685145087,
      "ci_lower": 0.3083551198678547,
      "ci_upper": 0.3625695823514549
    },
    "r2_place": {
      "mean": 0.38831440280145396,
      "std": 0.013566757537946261,
      "ci_lower": 0.36138216234244913,
      "ci_upper": 0.4143657991033654
    },
    "coef_stability": {
      "wins_std": {
        "mean": -0.28608927451583815,
        "std": 0.0782438899437595,
        "ci_lower": -0.4336665497277069,
        "ci_upper": -0.14136706560207812,
        "significant": true
      },
      "seasons_std": {
        "mean": -0.19648679897777066,
        "std": 0.07265487648634092,
        "ci_lower": -0.3315073054159183,
        "ci_upper": -0.055947917465505606,
        "significant": true
      },
      "avg_place_std": {
        "mean": 0.3285793335017686,
        "std": 0.0752908343105344,
        "ci_lower": 0.17854888489074,
        "ci_upper": 0.47978065847049933,
        "significant": true
      },
      "partner_is_champion": {
        "mean": 0.1646586240226939,
        "std": 0.07741397638380665,
        "ci_lower": 0.011930427940691135,
        "ci_upper": 0.3207162126326887,
        "significant": true
      },
      "age_std": {
        "mean": 1.047337843634666,
        "std": 0.06409710957128503,
        "ci_lower": 0.9199459901020742,
        "ci_upper": 1.1793269592660378,
        "significant": true
      },
      "followers_std": {
        "mean": 0.111414928486062,
        "std": 0.05159964233873266,
        "ci_lower": 0.005547870475046762,
        "ci_upper": 0.21194383472239164,
        "significant": true
      },
      "celebrity_has_follower_data": {
        "mean": 0.025079962863696542,
        "std": 0.049725011528265514,
        "ci_lower": -0.07367312876636484,
        "ci_upper": 0.1263639889020393,
        "significant": false
      },
      "age_sq_std": {
        "mean": 0.07912321150610555,
        "std": 0.036980399898852344,
        "ci_lower": 0.00698590229031975,
        "ci_upper": 0.15269667727479305,
        "significant": true
      },
      "season_std": {
        "mean": 0.2639870876039313,
        "std": 0.05100974259516543,
        "ci_lower": 0.1645249163487448,
        "ci_upper": 0.364797652384749,
        "significant": true
      },
      "week_std": {
        "mean": -0.9086351671023003,
        "std": 0.049215693124933575,
        "ci_lower": -1.0087959789280627,
        "ci_upper": -0.8133694741380546,
        "significant": true
      },
      "exp_x_fans": {
        "mean": 0.060387824737996705,
        "std": 0.06911336774952456,
        "ci_lower": -0.08299766040763437,
        "ci_upper": 0.19176040318075405,
        "significant": false
      },
      "champ_x_fans": {
        "mean": -0.13791169163784364,
        "std": 0.07164757339567002,
        "ci_lower": -0.2759958288765991,
        "ci_upper": -0.005125157608749761,
        "significant": true
      },
      "wins_x_age": {
        "mean": -0.05371345030069233,
        "std": 0.050787098415324326,
        "ci_lower": -0.1509269465867375,
        "ci_upper": 0.04551740232726608,
        "significant": false
      },
      "season_x_fans": {
        "mean": -0.1670260699631347,
        "std": 0.053341442003444324,
        "ci_lower": -0.2715363352407854,
        "ci_upper": -0.06063286943604089,
        "significant": true
      },
      "ind_Entertainment": {
        "mean": -0.22629309314853246,
        "std": 0.14071173737077788,
        "ci_lower": -0.4891227061404957,
        "ci_upper": 0.0339054274979473,
        "significant": false
      },
      "ind_Sports": {
        "mean": 0.2554900351187674,
        "std": 0.14226034445706937,
        "ci_lower": -0.03967718658230359,
        "ci_upper": 0.5301503223986685,
        "significant": false
      },
      "ind_Media": {
        "mean": 0.5505445311924025,
        "std": 0.16305887003454633,
        "ci_lower": 0.22584643216665168,
        "ci_upper": 0.8495964073597715,
        "significant": true
      }
    }
  }
}