,淘汰准确率,冠军准确率,Top3准确率,Spearman相关
固定权重(50:50),0.476,0.6176470588235294,0.90625,0.6324332746053944
排名法,0.476,0.6176470588235294,0.8645833333333334,0.5102408499982856
百分比法,0.488,0.6176470588235294,0.90625,0.6324332746053944
KMDR,0.432,0.5294117647058824,0.875,0.44527135306407856
