noise_level,elim_acc,degradation
0.01,0.18604651162790697,6.796116504854368
0.05,0.1686046511627907,15.533980582524274
0.1,0.15891472868217055,20.388349514563103
0.15,0.14534883720930233,27.18446601941747
0.2,0.13372093023255813,33.00970873786408
