fold,test_seasons,elim_acc,champ_acc
1,6,0.21052631578947367,0.0
2,6,0.24,0.0
3,6,0.19047619047619047,0.0
4,6,0.1523809523809524,0.0
5,10,0.21019108280254778,0.0
