source,target,coefficient,std_error,p_value,effect_type
舞者经验,评委评分,-0.0176985122208268,0.0353963004042242,0.6171077380798264,直接效应
舞者历史战绩,评委评分,-0.4336478684505299,0.036131406703434,0.0,直接效应
舞者经验,评委评分,-0.0905312902490285,0.079553007163616,0.2552194253600939,直接效应
明星年龄,评委评分,0.5666416266987486,0.2296543595132205,0.0136713418331211,直接效应
社交媒体粉丝,评委评分,0.2778591209359184,0.1259110700875648,0.0274108719598713,直接效应
赛季趋势,评委评分,0.2497692517371006,0.0376763696733644,4.04085653826769e-11,直接效应
周次,综合排名,-0.935130424196083,0.049070823364386,0.0,直接效应
赛季×粉丝交互,评委评分,-0.1318134881767026,0.0493022820719976,0.0075488946116346,交互效应
