partner_effect_placement,partner_effect_week_rank,industry_effect,model_r2_week_rank,model_r2_placement,cv_r2_week_rank,cv_r2_placement,icc_week_rank,icc_placement
0.5773440229599285,0.48499760869334757,0.00759349608139874,0.35846696373938447,0.3687975675345688,0.3176155217522235,0.3317312157804215,0.43052322710064533,0.4777176916684836
