,borda_judge,borda_fan,condorcet_score,distortion
count,2777.0,2777.0,2777.0,2777.0
mean,4.256751890529348,4.256751890529348,8.229924378826071,0.15598325550224862
std,3.194941285943163,3.23299340587184,2.981870247746315,0.1460485452511524
min,0.0,0.0,0.5,0.0
25%,1.5,2.0,6.0,0.03333333333333333
50%,4.0,4.0,8.5,0.12836272140980853
75%,6.5,6.5,10.5,0.23893534953192888
max,15.0,15.0,15.0,0.8799999999999999
