beta,elim_acc,change
0.0,0.2131782945736434,6.796116504854368
0.1,0.20736434108527133,3.883495145631075
0.2,0.1996124031007752,0.0
0.30000000000000004,0.19573643410852712,-1.9417475728155376
0.4,0.1937984496124031,-2.9126213592232926
0.5,0.1996124031007752,0.0
0.6000000000000001,0.1996124031007752,0.0
0.7000000000000001,0.18992248062015504,-4.85436893203883
0.8,0.1821705426356589,-8.737864077669904
0.9,0.18023255813953487,-9.708737864077674
1.0,0.17829457364341086,-10.679611650485429
