{
  "validation": {
    "logistic_cv": {
      "accuracy": {
        "mean": 0.748645560086227,
        "std": 0.02930569933377081,
        "folds": [
          0.7589928057553957,
          0.7158273381294964,
          0.7733812949640287,
          0.7841726618705036,
          0.7086330935251799,
          0.7913669064748201,
          0.7194244604316546,
          0.7725631768953068,
          0.7256317689530686,
          0.7364620938628159
        ]
      },
      "auc": {
        "mean": 0.7582087290952149,
        "std": 0.04176221191877641,
        "folds": [
          0.7814471243042672,
          0.6865800865800866,
          0.7747107039537126,
          0.8005062680810029,
          0.7284233365477338,
          0.804122468659595,
          0.7266152362584377,
          0.818802781917536,
          0.7146050670640837,
          0.746274217585693
        ]
      },
      "f1": {
        "mean": 0.40898815406590716,
        "std": 0.04728302108310446,
        "folds": [
          0.42735042735042733,
          0.3247863247863248,
          0.46153846153846156,
          0.4642857142857143,
          0.36220472440944884,
          0.4727272727272727,
          0.38095238095238093,
          0.43243243243243246,
          0.3770491803278688,
          0.3865546218487395
        ]
      },
      "precision": {
        "mean": 0.28662918527439685,
        "std": 0.03787426397406282,
        "folds": [
          0.2976190476190476,
          0.2261904761904762,
          0.3253012048192771,
          0.3333333333333333,
          0.24731182795698925,
          0.34210526315789475,
          0.2608695652173913,
          0.3076923076923077,
          0.25842696629213485,
          0.26744186046511625
        ]
      },
      "recall": {
        "mean": 0.7160427807486631,
        "std": 0.05895733714349374,
        "folds": [
          0.7575757575757576,
          0.5757575757575758,
          0.7941176470588235,
          0.7647058823529411,
          0.6764705882352942,
          0.7647058823529411,
          0.7058823529411765,
          0.7272727272727273,
          0.696969696969697,
          0.696969696969697
        ]
      }
    },
    "confusion_matrix": {
      "TN": 1837,
      "FP": 605,
      "FN": 96,
      "TP": 239
    },
    "additional_metrics": {
      "specificity": 0.7522522522522522,
      "sensitivity": 0.7134328358208956
    },
    "residual_analysis": {
      "probability_residual": {
        "shapiro_w": 0.9478053632817433,
        "shapiro_p": 2.4996188213261307e-30,
        "mean": -0.28467908422723803,
        "std": 0.33061454454838507,
        "skewness": 0.7629369469896278,
        "kurtosis": 0.9875186038581552
      },
      "linear_residual": {
        "shapiro_w": 0.9698961629635843,
        "shapiro_p": 1.051403655072897e-23,
        "mean": 8.955345967448147e-18,
        "std": 0.8470179397633423
      }
    },
    "regression_fit": {
      "mcfadden_r2": -0.527611329897399,
      "brier_score": 0.19034815806339503,
      "linear_r2_fan_to_judge": 0.2823021661346664
    }
  },
  "robustness": {
    "noise_sensitivity": [
      {
        "noise_level": 0.0,
        "auc_mean": 0.7566486810641553,
        "auc_std": 0.020855847139089605,
        "accuracy_mean": 0.7482876401581438,
        "accuracy_std": 0.021801418099522327,
        "f1_mean": 0.40657178100476726,
        "f1_std": 0.030970855939524262
      },
      {
        "noise_level": 1.0,
        "auc_mean": 0.7565751274803694,
        "auc_std": 0.0207147951823097,
        "accuracy_mean": 0.746487134616631,
        "accuracy_std": 0.02101386321549097,
        "f1_mean": 0.4036384244099205,
        "f1_std": 0.031479243671366855
      },
      {
        "noise_level": 3.0,
        "auc_mean": 0.7556882438856707,
        "auc_std": 0.021139241108084867,
        "accuracy_mean": 0.747566919437423,
        "accuracy_std": 0.023799488619196903,
        "f1_mean": 0.4070392621418897,
        "f1_std": 0.03355538265797934
      },
      {
        "noise_level": 5.0,
        "auc_mean": 0.7558302973716351,
        "auc_std": 0.021088618841868002,
        "accuracy_mean": 0.7472085034674963,
        "accuracy_std": 0.02306727532398176,
        "f1_mean": 0.40587590370326854,
        "f1_std": 0.031219891025353788
      },
      {
        "noise_level": 10.0,
        "auc_mean": 0.7562951360065808,
        "auc_std": 0.023000452468266538,
        "accuracy_mean": 0.7457677101561994,
        "accuracy_std": 0.025167193623227228,
        "f1_mean": 0.4034275625497951,
        "f1_std": 0.036677793614736325
      },
      {
        "noise_level": 15.0,
        "auc_mean": 0.7557313627977983,
        "auc_std": 0.01837614603630268,
        "accuracy_mean": 0.7414492190031758,
        "accuracy_std": 0.02326706639916693,
        "f1_mean": 0.40209704465035234,
        "f1_std": 0.03517600175036818
      },
      {
        "noise_level": 20.0,
        "auc_mean": 0.7505797973823931,
        "auc_std": 0.025031210397959976,
        "accuracy_mean": 0.7486499449089378,
        "accuracy_std": 0.020009160233591075,
        "f1_mean": 0.40483206742592764,
        "f1_std": 0.03082174169930699
      }
    ],
    "performance_degradation": {
      "5_percent": {
        "auc_drop": 0.10815900602234661,
        "f1_drop": 0.17115730456722641
      },
      "10_percent": {
        "auc_drop": 0.04672512705331462,
        "f1_drop": 0.7733489144774855
      }
    },
    "feature_perturbation": {
      "judge_only": {
        "auc": 0.6691120606361735,
        "auc_std": 0.021795134495288825,
        "f1": 0.26741805859928036,
        "f1_std": 0.016491404055428815
      },
      "fan_only": {
        "auc": 0.7601038856807184,
        "auc_std": 0.018959200210194836,
        "f1": 0.40583802904984073,
        "f1_std": 0.03136344247797434
      },
      "both": {
        "auc": 0.7566486810641553,
        "auc_std": 0.020855847139089605,
        "f1": 0.40657178100476726,
        "f1_std": 0.030970855939524262
      }
    },
    "bootstrap_stability": {
      "mean": 50.600970485498785,
      "std": 0.4005567635318304,
      "ci_lower": 49.83219567372464,
      "ci_upper": 51.35177881109742,
      "cv": 0.7915989746612111
    }
  }
}