{
  "cross_validation": {
    "RF": {
      "accuracy": {
        "mean": 0.8523595563982027,
        "std": 0.021283134150062045
      },
      "precision": {
        "mean": 0.5897846986001316,
        "std": 0.05048647093197299
      },
      "recall": {
        "mean": 0.6766214177978884,
        "std": 0.07541764700437613
      },
      "f1": {
        "mean": 0.6292522528596616,
        "std": 0.05645653764538197
      },
      "roc_auc": {
        "mean": 0.8905749523729385,
        "std": 0.023670275975937367
      }
    },
    "GNB": {
      "accuracy": {
        "mean": 0.7572773550112978,
        "std": 0.01338101579561557
      },
      "precision": {
        "mean": 0.3995411485975953,
        "std": 0.024461210153230533
      },
      "recall": {
        "mean": 0.6104826546003017,
        "std": 0.06240795291622186
      },
      "f1": {
        "mean": 0.48225844881053404,
        "std": 0.03390040830732341
      },
      "roc_auc": {
        "mean": 0.7841562823238232,
        "std": 0.029674516892736664
      }
    }
  },
  "learning_curve": {
    "train_final_accuracy": 0.9252588923908149,
    "test_final_accuracy": 0.857045174671074,
    "overfit_gap": 0.06821371771974094,
    "overfit_status": "存在轻微过拟合"
  },
  "residual_analysis": {
    "mean": -0.09587147169926317,
    "std": 0.24236762091347494,
    "skewness": -0.08507500170387589,
    "kurtosis": 1.5978312731925612,
    "shapiro_w": 0.9374710422386912,
    "shapiro_p": 1.2172525933365712e-13
  },
  "robustness": {
    "baseline": {
      "accuracy": 0.8433048433048433,
      "auc": 0.8874865735767992,
      "f1": 0.6126760563380281
    },
    "noise_5pct": {
      "accuracy": 0.8390313390313391,
      "acc_change": -0.004273504273504258,
      "auc": 0.8814446831364124,
      "auc_change": -0.006041890440386721
    },
    "noise_10pct": {
      "accuracy": 0.8532763532763533,
      "acc_change": 0.009971509971509973
    }
  },
  "split_sensitivity": {
    "accuracy_std": 0.019849973835251774,
    "auc_std": 0.012775117316795816
  }
}